Actual,Predicted,Count,Total_Actual,Percentage
Acholeplasma_laidlawii_PG-8A,Acholeplasma_laidlawii_PG-8A,28,39,71.79
Acholeplasma_laidlawii_PG-8A,Methanosphaera_stadtmanae_DSM_3091,3,39,7.69
Acholeplasma_laidlawii_PG-8A,Clostridium_acetobutylicum_ATCC_824,2,39,5.13
Acholeplasma_laidlawii_PG-8A,Bacillus_pseudofirmus_OF4,1,39,2.56
Acholeplasma_laidlawii_PG-8A,Cyanothece_sp._ATCC_51142,1,39,2.56
Acholeplasma_laidlawii_PG-8A,Methanobrevibacter_ruminantium_M1,1,39,2.56
Acholeplasma_laidlawii_PG-8A,Methanococcus_vannielii_SB,1,39,2.56
Acholeplasma_laidlawii_PG-8A,Psychrobacter_arcticus_273-4,1,39,2.56
Acholeplasma_laidlawii_PG-8A,Staphylothermus_marinus_F1,1,39,2.56
Acidobacterium_capsulatum_ATCC_51196,Acidobacterium_capsulatum_ATCC_51196,28,39,71.79
Acidobacterium_capsulatum_ATCC_51196,Chloroflexus_aurantiacus_J-10-fl,2,39,5.13
Acidobacterium_capsulatum_ATCC_51196,Corynebacterium_glutamicum_ATCC_13032,2,39,5.13
Acidobacterium_capsulatum_ATCC_51196,Bdellovibrio_bacteriovorus_HD100,1,39,2.56
Acidobacterium_capsulatum_ATCC_51196,Candidatus_Methanoregula_boonei_6A8,1,39,2.56
Acidobacterium_capsulatum_ATCC_51196,Candidatus_Methanosphaerula_palustris_E1-9c,1,39,2.56
Acidobacterium_capsulatum_ATCC_51196,Gloeobacter_violaceus_PCC_7421,1,39,2.56
Acidobacterium_capsulatum_ATCC_51196,Opitutus_terrae_PB90-1,1,39,2.56
Acidobacterium_capsulatum_ATCC_51196,Thermococcus_gammatolerans_EJ3,1,39,2.56
Acidobacterium_capsulatum_ATCC_51196,Thermomicrobium_roseum_DSM_5159,1,39,2.56
Aeropyrum_pernix_K1,Aeropyrum_pernix_K1,27,39,69.23
Aeropyrum_pernix_K1,Desulfurococcus_kamchatkensis_1221n,5,39,12.82
Aeropyrum_pernix_K1,Hyperthermus_butylicus_DSM_5456,2,39,5.13
Aeropyrum_pernix_K1,Pyrobaculum_aerophilum_str._IM2,2,39,5.13
Aeropyrum_pernix_K1,Pyrobaculum_arsenaticum_DSM_13514,1,39,2.56
Aeropyrum_pernix_K1,Staphylothermus_marinus_F1,1,39,2.56
Aeropyrum_pernix_K1,Thermobaculum_terrenum_ATCC_BAA-798,1,39,2.56
Akkermansia_muciniphila_ATCC_BAA-835,Akkermansia_muciniphila_ATCC_BAA-835,36,39,92.31
Akkermansia_muciniphila_ATCC_BAA-835,Dehalococcoides_ethenogenes_195,1,39,2.56
Akkermansia_muciniphila_ATCC_BAA-835,Methanocella_paludicola_SANAE,1,39,2.56
Akkermansia_muciniphila_ATCC_BAA-835,Methylacidiphilum_infernorum_V4,1,39,2.56
Aquifex_aeolicus_VF5,Aquifex_aeolicus_VF5,35,39,89.74
Aquifex_aeolicus_VF5,Candidatus_Cloacamonas_acidaminovorans,1,39,2.56
Aquifex_aeolicus_VF5,Dictyoglomus_thermophilum_H-6-12,1,39,2.56
Aquifex_aeolicus_VF5,Methanococcus_vannielii_SB,1,39,2.56
Aquifex_aeolicus_VF5,Thermoanaerobacter_tengcongensis_MB4,1,39,2.56
Archaeoglobus_fulgidus_DSM_4304,Archaeoglobus_fulgidus_DSM_4304,27,36,75.00
Archaeoglobus_fulgidus_DSM_4304,Candidatus_Cloacamonas_acidaminovorans,1,36,2.78
Archaeoglobus_fulgidus_DSM_4304,Desulfurococcus_kamchatkensis_1221n,1,36,2.78
Archaeoglobus_fulgidus_DSM_4304,Leptospira_interrogans_serovar_Lai_str._56601,1,36,2.78
Archaeoglobus_fulgidus_DSM_4304,Methanosarcina_acetivorans_C2A,1,36,2.78
Archaeoglobus_fulgidus_DSM_4304,Methylacidiphilum_infernorum_V4,1,36,2.78
Archaeoglobus_fulgidus_DSM_4304,Nostoc_punctiforme_PCC_73102,1,36,2.78
Archaeoglobus_fulgidus_DSM_4304,Pyrococcus_horikoshii_OT3,1,36,2.78
Archaeoglobus_fulgidus_DSM_4304,Sulfolobus_acidocaldarius_DSM_639,1,36,2.78
Archaeoglobus_fulgidus_DSM_4304,Thermococcus_gammatolerans_EJ3,1,36,2.78
Archaeoglobus_profundus_DSM_5631,Cyanothece_sp._ATCC_51142,1,1,100.00
Bacillus_pseudofirmus_OF4,Bacillus_pseudofirmus_OF4,24,38,63.16
Bacillus_pseudofirmus_OF4,Elusimicrobium_minutum_Pei191,2,38,5.26
Bacillus_pseudofirmus_OF4,Acholeplasma_laidlawii_PG-8A,1,38,2.63
Bacillus_pseudofirmus_OF4,Candidatus_Amoebophilus_asiaticus_5a2,1,38,2.63
Bacillus_pseudofirmus_OF4,Cyanothece_sp._ATCC_51142,1,38,2.63
Bacillus_pseudofirmus_OF4,Haloquadratum_walsbyi_DSM_16790,1,38,2.63
Bacillus_pseudofirmus_OF4,Leptospira_interrogans_serovar_Lai_str._56601,1,38,2.63
Bacillus_pseudofirmus_OF4,Methanobrevibacter_ruminantium_M1,1,38,2.63
Bacillus_pseudofirmus_OF4,Methanococcoides_burtonii_DSM_6242,1,38,2.63
Bacillus_pseudofirmus_OF4,Nitrosopumilus_maritimus_SCM1,1,38,2.63
Bacillus_pseudofirmus_OF4,Nostoc_punctiforme_PCC_73102,1,38,2.63
Bacillus_pseudofirmus_OF4,Prochlorococcus_marinus_str._AS9601,1,38,2.63
Bacillus_pseudofirmus_OF4,Psychrobacter_arcticus_273-4,1,38,2.63
Bacillus_pseudofirmus_OF4,Thermodesulfovibrio_yellowstonii_DSM_11347,1,38,2.63
Bdellovibrio_bacteriovorus_HD100,Bdellovibrio_bacteriovorus_HD100,38,40,95.00
Bdellovibrio_bacteriovorus_HD100,Elusimicrobium_minutum_Pei191,1,40,2.50
Bdellovibrio_bacteriovorus_HD100,Methanococcoides_burtonii_DSM_6242,1,40,2.50
Bordetella_pertussis_Tohama_I,Bordetella_pertussis_Tohama_I,27,40,67.50
Bordetella_pertussis_Tohama_I,Acidobacterium_capsulatum_ATCC_51196,3,40,7.50
Bordetella_pertussis_Tohama_I,Cupriavidus_taiwanensis,3,40,7.50
Bordetella_pertussis_Tohama_I,Corynebacterium_glutamicum_ATCC_13032,2,40,5.00
Bordetella_pertussis_Tohama_I,Rhodospirillum_rubrum_ATCC_11170,2,40,5.00
Bordetella_pertussis_Tohama_I,Gemmatimonas_aurantiaca_T-27,1,40,2.50
Bordetella_pertussis_Tohama_I,Methanocella_paludicola_SANAE,1,40,2.50
Bordetella_pertussis_Tohama_I,Opitutus_terrae_PB90-1,1,40,2.50
Borrelia_burgdorferi_B31,Borrelia_burgdorferi_B31,8,12,66.67
Borrelia_burgdorferi_B31,Mycoplasma_genitalium_G37,2,12,16.67
Borrelia_burgdorferi_B31,Prochlorococcus_marinus_str._AS9601,2,12,16.67
Caldivirga_maquilingensis_IC-167,Caldivirga_maquilingensis_IC-167,37,38,97.37
Caldivirga_maquilingensis_IC-167,Metallosphaera_sedula_DSM_5348,1,38,2.63
Campylobacter_jejuni_subsp._jejuni_81-176,Campylobacter_jejuni_subsp._jejuni_81-176,4,9,44.44
Campylobacter_jejuni_subsp._jejuni_81-176,Borrelia_burgdorferi_B31,1,9,11.11
Campylobacter_jejuni_subsp._jejuni_81-176,Clostridium_acetobutylicum_ATCC_824,1,9,11.11
Campylobacter_jejuni_subsp._jejuni_81-176,Fusobacterium_nucleatum_subsp._nucleatum_ATCC_25586,1,9,11.11
Campylobacter_jejuni_subsp._jejuni_81-176,Methanococcus_aeolicus_Nankai-3,1,9,11.11
Campylobacter_jejuni_subsp._jejuni_81-176,Prochlorococcus_marinus_str._AS9601,1,9,11.11
Candidatus_Amoebophilus_asiaticus_5a2,Candidatus_Amoebophilus_asiaticus_5a2,28,38,73.68
Candidatus_Amoebophilus_asiaticus_5a2,Clostridium_acetobutylicum_ATCC_824,5,38,13.16
Candidatus_Amoebophilus_asiaticus_5a2,Elusimicrobium_minutum_Pei191,2,38,5.26
Candidatus_Amoebophilus_asiaticus_5a2,Nostoc_punctiforme_PCC_73102,1,38,2.63
Candidatus_Amoebophilus_asiaticus_5a2,Prochlorococcus_marinus_str._AS9601,1,38,2.63
Candidatus_Amoebophilus_asiaticus_5a2,Pyrococcus_furiosus_DSM_3638,1,38,2.63
Candidatus_Cloacamonas_acidaminovorans,Candidatus_Cloacamonas_acidaminovorans,35,38,92.11
Candidatus_Cloacamonas_acidaminovorans,Clostridium_acetobutylicum_ATCC_824,1,38,2.63
Candidatus_Cloacamonas_acidaminovorans,Elusimicrobium_minutum_Pei191,1,38,2.63
Candidatus_Cloacamonas_acidaminovorans,Thermoplasma_volcanium_GSS1,1,38,2.63
Candidatus_Korarchaeum_cryptofilum_OPF8,Candidatus_Korarchaeum_cryptofilum_OPF8,38,39,97.44
Candidatus_Korarchaeum_cryptofilum_OPF8,Metallosphaera_sedula_DSM_5348,1,39,2.56
Candidatus_Methanoregula_boonei_6A8,Candidatus_Methanoregula_boonei_6A8,30,38,78.95
Candidatus_Methanoregula_boonei_6A8,Methanocorpusculum_labreanum_Z,3,38,7.89
Candidatus_Methanoregula_boonei_6A8,Corynebacterium_glutamicum_ATCC_13032,2,38,5.26
Candidatus_Methanoregula_boonei_6A8,Acidobacterium_capsulatum_ATCC_51196,1,38,2.63
Candidatus_Methanoregula_boonei_6A8,Methanopyrus_kandleri_AV19,1,38,2.63
Candidatus_Methanoregula_boonei_6A8,Methanospirillum_hungatei_JF-1,1,38,2.63
Candidatus_Methanosphaerula_palustris_E1-9c,Candidatus_Methanosphaerula_palustris_E1-9c,25,38,65.79
Candidatus_Methanosphaerula_palustris_E1-9c,Candidatus_Methanoregula_boonei_6A8,2,38,5.26
Candidatus_Methanosphaerula_palustris_E1-9c,Methanocorpusculum_labreanum_Z,2,38,5.26
Candidatus_Methanosphaerula_palustris_E1-9c,Bdellovibrio_bacteriovorus_HD100,1,38,2.63
Candidatus_Methanosphaerula_palustris_E1-9c,Chloroflexus_aurantiacus_J-10-fl,1,38,2.63
Candidatus_Methanosphaerula_palustris_E1-9c,Haloquadratum_walsbyi_DSM_16790,1,38,2.63
Candidatus_Methanosphaerula_palustris_E1-9c,Halorubrum_lacusprofundi_ATCC_49239,1,38,2.63
Candidatus_Methanosphaerula_palustris_E1-9c,Leptospira_interrogans_serovar_Lai_str._56601,1,38,2.63
Candidatus_Methanosphaerula_palustris_E1-9c,Methanocella_paludicola_SANAE,1,38,2.63
Candidatus_Methanosphaerula_palustris_E1-9c,Methanococcoides_burtonii_DSM_6242,1,38,2.63
Candidatus_Methanosphaerula_palustris_E1-9c,Methanosaeta_thermophila_PT,1,38,2.63
Candidatus_Methanosphaerula_palustris_E1-9c,Methanospirillum_hungatei_JF-1,1,38,2.63
Chloroflexus_aurantiacus_J-10-fl,Chloroflexus_aurantiacus_J-10-fl,36,39,92.31
Chloroflexus_aurantiacus_J-10-fl,Corynebacterium_glutamicum_ATCC_13032,1,39,2.56
Chloroflexus_aurantiacus_J-10-fl,Gemmatimonas_aurantiaca_T-27,1,39,2.56
Chloroflexus_aurantiacus_J-10-fl,Haloquadratum_walsbyi_DSM_16790,1,39,2.56
Clostridium_acetobutylicum_ATCC_824,Clostridium_acetobutylicum_ATCC_824,21,38,55.26
Clostridium_acetobutylicum_ATCC_824,Dictyoglomus_thermophilum_H-6-12,3,38,7.89
Clostridium_acetobutylicum_ATCC_824,Methanococcus_aeolicus_Nankai-3,2,38,5.26
Clostridium_acetobutylicum_ATCC_824,Methanosphaera_stadtmanae_DSM_3091,2,38,5.26
Clostridium_acetobutylicum_ATCC_824,Prochlorococcus_marinus_str._AS9601,2,38,5.26
Clostridium_acetobutylicum_ATCC_824,Acholeplasma_laidlawii_PG-8A,1,38,2.63
Clostridium_acetobutylicum_ATCC_824,Candidatus_Amoebophilus_asiaticus_5a2,1,38,2.63
Clostridium_acetobutylicum_ATCC_824,Fusobacterium_nucleatum_subsp._nucleatum_ATCC_25586,1,38,2.63
Clostridium_acetobutylicum_ATCC_824,Methanobrevibacter_ruminantium_M1,1,38,2.63
Clostridium_acetobutylicum_ATCC_824,Methanococcus_vannielii_SB,1,38,2.63
Clostridium_acetobutylicum_ATCC_824,Nitrosopumilus_maritimus_SCM1,1,38,2.63
Clostridium_acetobutylicum_ATCC_824,Thermoanaerobacter_tengcongensis_MB4,1,38,2.63
Clostridium_acetobutylicum_ATCC_824,Thermodesulfovibrio_yellowstonii_DSM_11347,1,38,2.63
Corynebacterium_glutamicum_ATCC_13032,Corynebacterium_glutamicum_ATCC_13032,27,39,69.23
Corynebacterium_glutamicum_ATCC_13032,Bdellovibrio_bacteriovorus_HD100,2,39,5.13
Corynebacterium_glutamicum_ATCC_13032,Haloquadratum_walsbyi_DSM_16790,2,39,5.13
Corynebacterium_glutamicum_ATCC_13032,Acidobacterium_capsulatum_ATCC_51196,1,39,2.56
Corynebacterium_glutamicum_ATCC_13032,Archaeoglobus_fulgidus_DSM_4304,1,39,2.56
Corynebacterium_glutamicum_ATCC_13032,Gemmatimonas_aurantiaca_T-27,1,39,2.56
Corynebacterium_glutamicum_ATCC_13032,Methylacidiphilum_infernorum_V4,1,39,2.56
Corynebacterium_glutamicum_ATCC_13032,Nostoc_punctiforme_PCC_73102,1,39,2.56
Corynebacterium_glutamicum_ATCC_13032,Rhodopirellula_baltica_SH_1,1,39,2.56
Corynebacterium_glutamicum_ATCC_13032,Thermobaculum_terrenum_ATCC_BAA-798,1,39,2.56
Corynebacterium_glutamicum_ATCC_13032,Thermoplasma_acidophilum_DSM_1728,1,39,2.56
Cupriavidus_taiwanensis,Cupriavidus_taiwanensis,27,39,69.23
Cupriavidus_taiwanensis,Bordetella_pertussis_Tohama_I,9,39,23.08
Cupriavidus_taiwanensis,Gloeobacter_violaceus_PCC_7421,2,39,5.13
Cupriavidus_taiwanensis,Chloroflexus_aurantiacus_J-10-fl,1,39,2.56
Cyanothece_sp._ATCC_51142,Cyanothece_sp._ATCC_51142,22,37,59.46
Cyanothece_sp._ATCC_51142,Prochlorococcus_marinus_str._AS9601,4,37,10.81
Cyanothece_sp._ATCC_51142,Bacillus_pseudofirmus_OF4,2,37,5.41
Cyanothece_sp._ATCC_51142,Sulfolobus_acidocaldarius_DSM_639,2,37,5.41
Cyanothece_sp._ATCC_51142,Acholeplasma_laidlawii_PG-8A,1,37,2.70
Cyanothece_sp._ATCC_51142,Borrelia_burgdorferi_B31,1,37,2.70
Cyanothece_sp._ATCC_51142,Fusobacterium_nucleatum_subsp._nucleatum_ATCC_25586,1,37,2.70
Cyanothece_sp._ATCC_51142,Methanobrevibacter_ruminantium_M1,1,37,2.70
Cyanothece_sp._ATCC_51142,Methanococcus_aeolicus_Nankai-3,1,37,2.70
Cyanothece_sp._ATCC_51142,Nostoc_punctiforme_PCC_73102,1,37,2.70
Cyanothece_sp._ATCC_51142,Pyrococcus_furiosus_DSM_3638,1,37,2.70
Dehalococcoides_ethenogenes_195,Dehalococcoides_ethenogenes_195,35,39,89.74
Dehalococcoides_ethenogenes_195,Bacillus_pseudofirmus_OF4,1,39,2.56
Dehalococcoides_ethenogenes_195,Bdellovibrio_bacteriovorus_HD100,1,39,2.56
Dehalococcoides_ethenogenes_195,Thermoplasma_acidophilum_DSM_1728,1,39,2.56
Dehalococcoides_ethenogenes_195,Thermoplasma_volcanium_GSS1,1,39,2.56
Deinococcus_radiodurans_R1,Acidobacterium_capsulatum_ATCC_51196,2,8,25.00
Deinococcus_radiodurans_R1,Deinococcus_radiodurans_R1,2,8,25.00
Deinococcus_radiodurans_R1,Thermococcus_gammatolerans_EJ3,2,8,25.00
Deinococcus_radiodurans_R1,Corynebacterium_glutamicum_ATCC_13032,1,8,12.50
Deinococcus_radiodurans_R1,Gemmata_obscuriglobus_UQM_2246,1,8,12.50
Desulfurococcus_kamchatkensis_1221n,Desulfurococcus_kamchatkensis_1221n,30,38,78.95
Desulfurococcus_kamchatkensis_1221n,Aeropyrum_pernix_K1,2,38,5.26
Desulfurococcus_kamchatkensis_1221n,Thermobaculum_terrenum_ATCC_BAA-798,2,38,5.26
Desulfurococcus_kamchatkensis_1221n,Caldivirga_maquilingensis_IC-167,1,38,2.63
Desulfurococcus_kamchatkensis_1221n,Hyperthermus_butylicus_DSM_5456,1,38,2.63
Desulfurococcus_kamchatkensis_1221n,Metallosphaera_sedula_DSM_5348,1,38,2.63
Desulfurococcus_kamchatkensis_1221n,Thermofilum_pendens_Hrk_5,1,38,2.63
Dictyoglomus_thermophilum_H-6-12,Dictyoglomus_thermophilum_H-6-12,30,40,75.00
Dictyoglomus_thermophilum_H-6-12,Thermodesulfovibrio_yellowstonii_DSM_11347,3,40,7.50
Dictyoglomus_thermophilum_H-6-12,Clostridium_acetobutylicum_ATCC_824,2,40,5.00
Dictyoglomus_thermophilum_H-6-12,Fusobacterium_nucleatum_subsp._nucleatum_ATCC_25586,1,40,2.50
Dictyoglomus_thermophilum_H-6-12,Methanococcus_vannielii_SB,1,40,2.50
Dictyoglomus_thermophilum_H-6-12,Methanosphaera_stadtmanae_DSM_3091,1,40,2.50
Dictyoglomus_thermophilum_H-6-12,Pyrococcus_horikoshii_OT3,1,40,2.50
Dictyoglomus_thermophilum_H-6-12,Staphylothermus_marinus_F1,1,40,2.50
Elusimicrobium_minutum_Pei191,Elusimicrobium_minutum_Pei191,34,39,87.18
Elusimicrobium_minutum_Pei191,Bacillus_pseudofirmus_OF4,1,39,2.56
Elusimicrobium_minutum_Pei191,Borrelia_burgdorferi_B31,1,39,2.56
Elusimicrobium_minutum_Pei191,Candidatus_Amoebophilus_asiaticus_5a2,1,39,2.56
Elusimicrobium_minutum_Pei191,Cyanothece_sp._ATCC_51142,1,39,2.56
Elusimicrobium_minutum_Pei191,Psychrobacter_arcticus_273-4,1,39,2.56
Fusobacterium_nucleatum_subsp._nucleatum_ATCC_25586,Fusobacterium_nucleatum_subsp._nucleatum_ATCC_25586,32,39,82.05
Fusobacterium_nucleatum_subsp._nucleatum_ATCC_25586,Methanosphaera_stadtmanae_DSM_3091,4,39,10.26
Fusobacterium_nucleatum_subsp._nucleatum_ATCC_25586,Clostridium_acetobutylicum_ATCC_824,2,39,5.13
Fusobacterium_nucleatum_subsp._nucleatum_ATCC_25586,Candidatus_Amoebophilus_asiaticus_5a2,1,39,2.56
Gemmata_obscuriglobus_UQM_2246,Gemmata_obscuriglobus_UQM_2246,33,38,86.84
Gemmata_obscuriglobus_UQM_2246,Thermomicrobium_roseum_DSM_5159,2,38,5.26
Gemmata_obscuriglobus_UQM_2246,Gemmatimonas_aurantiaca_T-27,1,38,2.63
Gemmata_obscuriglobus_UQM_2246,Gloeobacter_violaceus_PCC_7421,1,38,2.63
Gemmata_obscuriglobus_UQM_2246,Opitutus_terrae_PB90-1,1,38,2.63
Gemmatimonas_aurantiaca_T-27,Gemmatimonas_aurantiaca_T-27,32,40,80.00
Gemmatimonas_aurantiaca_T-27,Opitutus_terrae_PB90-1,2,40,5.00
Gemmatimonas_aurantiaca_T-27,Acidobacterium_capsulatum_ATCC_51196,1,40,2.50
Gemmatimonas_aurantiaca_T-27,Akkermansia_muciniphila_ATCC_BAA-835,1,40,2.50
Gemmatimonas_aurantiaca_T-27,Gemmata_obscuriglobus_UQM_2246,1,40,2.50
Gemmatimonas_aurantiaca_T-27,Halobacterium_sp._NRC-1,1,40,2.50
Gemmatimonas_aurantiaca_T-27,Rhodospirillum_rubrum_ATCC_11170,1,40,2.50
Gemmatimonas_aurantiaca_T-27,Thermomicrobium_roseum_DSM_5159,1,40,2.50
Gloeobacter_violaceus_PCC_7421,Gloeobacter_violaceus_PCC_7421,31,37,83.78
Gloeobacter_violaceus_PCC_7421,Chloroflexus_aurantiacus_J-10-fl,2,37,5.41
Gloeobacter_violaceus_PCC_7421,Archaeoglobus_fulgidus_DSM_4304,1,37,2.70
Gloeobacter_violaceus_PCC_7421,Bdellovibrio_bacteriovorus_HD100,1,37,2.70
Gloeobacter_violaceus_PCC_7421,Opitutus_terrae_PB90-1,1,37,2.70
Gloeobacter_violaceus_PCC_7421,Rhodospirillum_rubrum_ATCC_11170,1,37,2.70
Haloarcula_marismortui_ATCC_43049,Haloarcula_marismortui_ATCC_43049,26,38,68.42
Haloarcula_marismortui_ATCC_43049,Halorhabdus_utahensis_DSM_12940,3,38,7.89
Haloarcula_marismortui_ATCC_43049,Halorubrum_lacusprofundi_ATCC_49239,2,38,5.26
Haloarcula_marismortui_ATCC_43049,Natronomonas_pharaonis_DSM_2160,2,38,5.26
Haloarcula_marismortui_ATCC_43049,Thermomicrobium_roseum_DSM_5159,2,38,5.26
Haloarcula_marismortui_ATCC_43049,Cupriavidus_taiwanensis,1,38,2.63
Haloarcula_marismortui_ATCC_43049,Halobacterium_sp._NRC-1,1,38,2.63
Haloarcula_marismortui_ATCC_43049,Halomicrobium_mukohataei_DSM_12286,1,38,2.63
Halobacterium_sp._NRC-1,Halobacterium_sp._NRC-1,13,38,34.21
Halobacterium_sp._NRC-1,Haloarcula_marismortui_ATCC_43049,8,38,21.05
Halobacterium_sp._NRC-1,Halorhabdus_utahensis_DSM_12940,6,38,15.79
Halobacterium_sp._NRC-1,Halomicrobium_mukohataei_DSM_12286,2,38,5.26
Halobacterium_sp._NRC-1,Halorubrum_lacusprofundi_ATCC_49239,2,38,5.26
Halobacterium_sp._NRC-1,Thermomicrobium_roseum_DSM_5159,2,38,5.26
Halobacterium_sp._NRC-1,Gemmata_obscuriglobus_UQM_2246,1,38,2.63
Halobacterium_sp._NRC-1,Gemmatimonas_aurantiaca_T-27,1,38,2.63
Halobacterium_sp._NRC-1,Magnetococcus_sp._MC-1,1,38,2.63
Halobacterium_sp._NRC-1,Methanocella_paludicola_SANAE,1,38,2.63
Halobacterium_sp._NRC-1,Methanoculleus_marisnigri_JR1,1,38,2.63
Halomicrobium_mukohataei_DSM_12286,Halomicrobium_mukohataei_DSM_12286,30,38,78.95
Halomicrobium_mukohataei_DSM_12286,Halorhabdus_utahensis_DSM_12940,4,38,10.53
Halomicrobium_mukohataei_DSM_12286,Gemmatimonas_aurantiaca_T-27,1,38,2.63
Halomicrobium_mukohataei_DSM_12286,Haloarcula_marismortui_ATCC_43049,1,38,2.63
Halomicrobium_mukohataei_DSM_12286,Halobacterium_sp._NRC-1,1,38,2.63
Halomicrobium_mukohataei_DSM_12286,Natronomonas_pharaonis_DSM_2160,1,38,2.63
Haloquadratum_walsbyi_DSM_16790,Haloquadratum_walsbyi_DSM_16790,28,37,75.68
Haloquadratum_walsbyi_DSM_16790,Halorubrum_lacusprofundi_ATCC_49239,2,37,5.41
Haloquadratum_walsbyi_DSM_16790,Archaeoglobus_fulgidus_DSM_4304,1,37,2.70
Haloquadratum_walsbyi_DSM_16790,Corynebacterium_glutamicum_ATCC_13032,1,37,2.70
Haloquadratum_walsbyi_DSM_16790,Cyanothece_sp._ATCC_51142,1,37,2.70
Haloquadratum_walsbyi_DSM_16790,Halobacterium_sp._NRC-1,1,37,2.70
Haloquadratum_walsbyi_DSM_16790,Psychrobacter_arcticus_273-4,1,37,2.70
Haloquadratum_walsbyi_DSM_16790,Rhodopirellula_baltica_SH_1,1,37,2.70
Haloquadratum_walsbyi_DSM_16790,Thermotoga_maritima_MSB8,1,37,2.70
Halorhabdus_utahensis_DSM_12940,Halorhabdus_utahensis_DSM_12940,21,38,55.26
Halorhabdus_utahensis_DSM_12940,Halomicrobium_mukohataei_DSM_12286,8,38,21.05
Halorhabdus_utahensis_DSM_12940,Haloarcula_marismortui_ATCC_43049,2,38,5.26
Halorhabdus_utahensis_DSM_12940,Haloquadratum_walsbyi_DSM_16790,2,38,5.26
Halorhabdus_utahensis_DSM_12940,Thermomicrobium_roseum_DSM_5159,2,38,5.26
Halorhabdus_utahensis_DSM_12940,Halobacterium_sp._NRC-1,1,38,2.63
Halorhabdus_utahensis_DSM_12940,Halorubrum_lacusprofundi_ATCC_49239,1,38,2.63
Halorhabdus_utahensis_DSM_12940,Rhodopirellula_baltica_SH_1,1,38,2.63
Halorubrum_lacusprofundi_ATCC_49239,Halorubrum_lacusprofundi_ATCC_49239,17,36,47.22
Halorubrum_lacusprofundi_ATCC_49239,Halobacterium_sp._NRC-1,3,36,8.33
Halorubrum_lacusprofundi_ATCC_49239,Halomicrobium_mukohataei_DSM_12286,3,36,8.33
Halorubrum_lacusprofundi_ATCC_49239,Haloquadratum_walsbyi_DSM_16790,3,36,8.33
Halorubrum_lacusprofundi_ATCC_49239,Gemmatimonas_aurantiaca_T-27,2,36,5.56
Halorubrum_lacusprofundi_ATCC_49239,Natronomonas_pharaonis_DSM_2160,2,36,5.56
Halorubrum_lacusprofundi_ATCC_49239,Corynebacterium_glutamicum_ATCC_13032,1,36,2.78
Halorubrum_lacusprofundi_ATCC_49239,Haloarcula_marismortui_ATCC_43049,1,36,2.78
Halorubrum_lacusprofundi_ATCC_49239,Halorhabdus_utahensis_DSM_12940,1,36,2.78
Halorubrum_lacusprofundi_ATCC_49239,Metallosphaera_sedula_DSM_5348,1,36,2.78
Halorubrum_lacusprofundi_ATCC_49239,Methanoculleus_marisnigri_JR1,1,36,2.78
Halorubrum_lacusprofundi_ATCC_49239,Rhodopirellula_baltica_SH_1,1,36,2.78
Haloterrigena_turkmenica_DSM_5511,Corynebacterium_glutamicum_ATCC_13032,1,3,33.33
Haloterrigena_turkmenica_DSM_5511,Halorhabdus_utahensis_DSM_12940,1,3,33.33
Haloterrigena_turkmenica_DSM_5511,Halorubrum_lacusprofundi_ATCC_49239,1,3,33.33
Hyperthermus_butylicus_DSM_5456,Hyperthermus_butylicus_DSM_5456,31,37,83.78
Hyperthermus_butylicus_DSM_5456,Aeropyrum_pernix_K1,2,37,5.41
Hyperthermus_butylicus_DSM_5456,Desulfurococcus_kamchatkensis_1221n,2,37,5.41
Hyperthermus_butylicus_DSM_5456,Pyrobaculum_aerophilum_str._IM2,1,37,2.70
Hyperthermus_butylicus_DSM_5456,Thermobaculum_terrenum_ATCC_BAA-798,1,37,2.70
Leptospira_interrogans_serovar_Lai_str._56601,Leptospira_interrogans_serovar_Lai_str._56601,30,38,78.95
Leptospira_interrogans_serovar_Lai_str._56601,Aquifex_aeolicus_VF5,1,38,2.63
Leptospira_interrogans_serovar_Lai_str._56601,Bacillus_pseudofirmus_OF4,1,38,2.63
Leptospira_interrogans_serovar_Lai_str._56601,Dictyoglomus_thermophilum_H-6-12,1,38,2.63
Leptospira_interrogans_serovar_Lai_str._56601,Fusobacterium_nucleatum_subsp._nucleatum_ATCC_25586,1,38,2.63
Leptospira_interrogans_serovar_Lai_str._56601,Haloquadratum_walsbyi_DSM_16790,1,38,2.63
Leptospira_interrogans_serovar_Lai_str._56601,Methanococcus_vannielii_SB,1,38,2.63
Leptospira_interrogans_serovar_Lai_str._56601,Pyrococcus_horikoshii_OT3,1,38,2.63
Leptospira_interrogans_serovar_Lai_str._56601,Thermotoga_maritima_MSB8,1,38,2.63
Magnetococcus_sp._MC-1,Magnetococcus_sp._MC-1,29,39,74.36
Magnetococcus_sp._MC-1,Corynebacterium_glutamicum_ATCC_13032,2,39,5.13
Magnetococcus_sp._MC-1,Bdellovibrio_bacteriovorus_HD100,1,39,2.56
Magnetococcus_sp._MC-1,Candidatus_Amoebophilus_asiaticus_5a2,1,39,2.56
Magnetococcus_sp._MC-1,Chloroflexus_aurantiacus_J-10-fl,1,39,2.56
Magnetococcus_sp._MC-1,Dehalococcoides_ethenogenes_195,1,39,2.56
Magnetococcus_sp._MC-1,Haloquadratum_walsbyi_DSM_16790,1,39,2.56
Magnetococcus_sp._MC-1,Hyperthermus_butylicus_DSM_5456,1,39,2.56
Magnetococcus_sp._MC-1,Nostoc_punctiforme_PCC_73102,1,39,2.56
Magnetococcus_sp._MC-1,Psychrobacter_arcticus_273-4,1,39,2.56
Metallosphaera_sedula_DSM_5348,Metallosphaera_sedula_DSM_5348,28,38,73.68
Metallosphaera_sedula_DSM_5348,Pyrococcus_furiosus_DSM_3638,3,38,7.89
Metallosphaera_sedula_DSM_5348,Pyrococcus_horikoshii_OT3,2,38,5.26
Metallosphaera_sedula_DSM_5348,Archaeoglobus_fulgidus_DSM_4304,1,38,2.63
Metallosphaera_sedula_DSM_5348,Clostridium_acetobutylicum_ATCC_824,1,38,2.63
Metallosphaera_sedula_DSM_5348,Staphylothermus_marinus_F1,1,38,2.63
Metallosphaera_sedula_DSM_5348,Sulfolobus_acidocaldarius_DSM_639,1,38,2.63
Metallosphaera_sedula_DSM_5348,Thermoplasma_volcanium_GSS1,1,38,2.63
Methanobrevibacter_ruminantium_M1,Methanobrevibacter_ruminantium_M1,24,38,63.16
Methanobrevibacter_ruminantium_M1,Dictyoglomus_thermophilum_H-6-12,2,38,5.26
Methanobrevibacter_ruminantium_M1,Fusobacterium_nucleatum_subsp._nucleatum_ATCC_25586,2,38,5.26
Methanobrevibacter_ruminantium_M1,Prochlorococcus_marinus_str._AS9601,2,38,5.26
Methanobrevibacter_ruminantium_M1,Archaeoglobus_fulgidus_DSM_4304,1,38,2.63
Methanobrevibacter_ruminantium_M1,Bacillus_pseudofirmus_OF4,1,38,2.63
Methanobrevibacter_ruminantium_M1,Candidatus_Cloacamonas_acidaminovorans,1,38,2.63
Methanobrevibacter_ruminantium_M1,Clostridium_acetobutylicum_ATCC_824,1,38,2.63
Methanobrevibacter_ruminantium_M1,Leptospira_interrogans_serovar_Lai_str._56601,1,38,2.63
Methanobrevibacter_ruminantium_M1,Methanococcus_aeolicus_Nankai-3,1,38,2.63
Methanobrevibacter_ruminantium_M1,Nitrosopumilus_maritimus_SCM1,1,38,2.63
Methanobrevibacter_ruminantium_M1,Thermodesulfovibrio_yellowstonii_DSM_11347,1,38,2.63
Methanocaldococcus_fervens_AG86,Methanocaldococcus_fervens_AG86,2,6,33.33
Methanocaldococcus_fervens_AG86,Clostridium_acetobutylicum_ATCC_824,1,6,16.67
Methanocaldococcus_fervens_AG86,Dictyoglomus_thermophilum_H-6-12,1,6,16.67
Methanocaldococcus_fervens_AG86,Pyrococcus_furiosus_DSM_3638,1,6,16.67
Methanocaldococcus_fervens_AG86,Thermodesulfovibrio_yellowstonii_DSM_11347,1,6,16.67
Methanocella_paludicola_SANAE,Methanocella_paludicola_SANAE,25,38,65.79
Methanocella_paludicola_SANAE,Haloarcula_marismortui_ATCC_43049,2,38,5.26
Methanocella_paludicola_SANAE,Thermococcus_gammatolerans_EJ3,2,38,5.26
Methanocella_paludicola_SANAE,Akkermansia_muciniphila_ATCC_BAA-835,1,38,2.63
Methanocella_paludicola_SANAE,Elusimicrobium_minutum_Pei191,1,38,2.63
Methanocella_paludicola_SANAE,Halobacterium_sp._NRC-1,1,38,2.63
Methanocella_paludicola_SANAE,Haloquadratum_walsbyi_DSM_16790,1,38,2.63
Methanocella_paludicola_SANAE,Halorubrum_lacusprofundi_ATCC_49239,1,38,2.63
Methanocella_paludicola_SANAE,Methanocorpusculum_labreanum_Z,1,38,2.63
Methanocella_paludicola_SANAE,Rhodospirillum_rubrum_ATCC_11170,1,38,2.63
Methanocella_paludicola_SANAE,Thermoplasma_acidophilum_DSM_1728,1,38,2.63
Methanocella_paludicola_SANAE,Thermoplasma_volcanium_GSS1,1,38,2.63
Methanococcoides_burtonii_DSM_6242,Methanococcoides_burtonii_DSM_6242,25,37,67.57
Methanococcoides_burtonii_DSM_6242,Thermoplasma_volcanium_GSS1,3,37,8.11
Methanococcoides_burtonii_DSM_6242,Nitrosopumilus_maritimus_SCM1,2,37,5.41
Methanococcoides_burtonii_DSM_6242,Acholeplasma_laidlawii_PG-8A,1,37,2.70
Methanococcoides_burtonii_DSM_6242,Bdellovibrio_bacteriovorus_HD100,1,37,2.70
Methanococcoides_burtonii_DSM_6242,Candidatus_Methanoregula_boonei_6A8,1,37,2.70
Methanococcoides_burtonii_DSM_6242,Cyanothece_sp._ATCC_51142,1,37,2.70
Methanococcoides_burtonii_DSM_6242,Methanosarcina_mazei_Go1,1,37,2.70
Methanococcoides_burtonii_DSM_6242,Methanosphaera_stadtmanae_DSM_3091,1,37,2.70
Methanococcoides_burtonii_DSM_6242,Thermotoga_maritima_MSB8,1,37,2.70
Methanococcus_aeolicus_Nankai-3,Methanococcus_aeolicus_Nankai-3,33,38,86.84
Methanococcus_aeolicus_Nankai-3,Candidatus_Cloacamonas_acidaminovorans,2,38,5.26
Methanococcus_aeolicus_Nankai-3,Fusobacterium_nucleatum_subsp._nucleatum_ATCC_25586,1,38,2.63
Methanococcus_aeolicus_Nankai-3,Methanococcus_vannielii_SB,1,38,2.63
Methanococcus_aeolicus_Nankai-3,Thermodesulfovibrio_yellowstonii_DSM_11347,1,38,2.63
Methanococcus_vannielii_SB,Methanococcus_vannielii_SB,27,38,71.05
Methanococcus_vannielii_SB,Elusimicrobium_minutum_Pei191,2,38,5.26
Methanococcus_vannielii_SB,Bacillus_pseudofirmus_OF4,1,38,2.63
Methanococcus_vannielii_SB,Cyanothece_sp._ATCC_51142,1,38,2.63
Methanococcus_vannielii_SB,Leptospira_interrogans_serovar_Lai_str._56601,1,38,2.63
Methanococcus_vannielii_SB,Methanococcus_aeolicus_Nankai-3,1,38,2.63
Methanococcus_vannielii_SB,Methanosphaera_stadtmanae_DSM_3091,1,38,2.63
Methanococcus_vannielii_SB,Nitrosopumilus_maritimus_SCM1,1,38,2.63
Methanococcus_vannielii_SB,Prochlorococcus_marinus_str._AS9601,1,38,2.63
Methanococcus_vannielii_SB,Thermoanaerobacter_tengcongensis_MB4,1,38,2.63
Methanococcus_vannielii_SB,Thermodesulfovibrio_yellowstonii_DSM_11347,1,38,2.63
Methanocorpusculum_labreanum_Z,Methanocorpusculum_labreanum_Z,27,38,71.05
Methanocorpusculum_labreanum_Z,Candidatus_Methanoregula_boonei_6A8,2,38,5.26
Methanocorpusculum_labreanum_Z,Candidatus_Methanosphaerula_palustris_E1-9c,2,38,5.26
Methanocorpusculum_labreanum_Z,Bdellovibrio_bacteriovorus_HD100,1,38,2.63
Methanocorpusculum_labreanum_Z,Haloquadratum_walsbyi_DSM_16790,1,38,2.63
Methanocorpusculum_labreanum_Z,Leptospira_interrogans_serovar_Lai_str._56601,1,38,2.63
Methanocorpusculum_labreanum_Z,Methanosarcina_mazei_Go1,1,38,2.63
Methanocorpusculum_labreanum_Z,Methanospirillum_hungatei_JF-1,1,38,2.63
Methanocorpusculum_labreanum_Z,Rhodopirellula_baltica_SH_1,1,38,2.63
Methanocorpusculum_labreanum_Z,Thermotoga_maritima_MSB8,1,38,2.63
Methanoculleus_marisnigri_JR1,Methanoculleus_marisnigri_JR1,26,38,68.42
Methanoculleus_marisnigri_JR1,Candidatus_Methanosphaerula_palustris_E1-9c,4,38,10.53
Methanoculleus_marisnigri_JR1,Halorhabdus_utahensis_DSM_12940,3,38,7.89
Methanoculleus_marisnigri_JR1,Candidatus_Methanoregula_boonei_6A8,1,38,2.63
Methanoculleus_marisnigri_JR1,Corynebacterium_glutamicum_ATCC_13032,1,38,2.63
Methanoculleus_marisnigri_JR1,Gemmata_obscuriglobus_UQM_2246,1,38,2.63
Methanoculleus_marisnigri_JR1,Methanocella_paludicola_SANAE,1,38,2.63
Methanoculleus_marisnigri_JR1,Methanococcoides_burtonii_DSM_6242,1,38,2.63
Methanopyrus_kandleri_AV19,Methanopyrus_kandleri_AV19,31,40,77.50
Methanopyrus_kandleri_AV19,Thermococcus_gammatolerans_EJ3,3,40,7.50
Methanopyrus_kandleri_AV19,Thermofilum_pendens_Hrk_5,2,40,5.00
Methanopyrus_kandleri_AV19,Thermomicrobium_roseum_DSM_5159,2,40,5.00
Methanopyrus_kandleri_AV19,Candidatus_Methanoregula_boonei_6A8,1,40,2.50
Methanopyrus_kandleri_AV19,Desulfurococcus_kamchatkensis_1221n,1,40,2.50
Methanosaeta_thermophila_PT,Methanosaeta_thermophila_PT,33,39,84.62
Methanosaeta_thermophila_PT,Archaeoglobus_fulgidus_DSM_4304,1,39,2.56
Methanosaeta_thermophila_PT,Candidatus_Korarchaeum_cryptofilum_OPF8,1,39,2.56
Methanosaeta_thermophila_PT,Chloroflexus_aurantiacus_J-10-fl,1,39,2.56
Methanosaeta_thermophila_PT,Methanosarcina_mazei_Go1,1,39,2.56
Methanosaeta_thermophila_PT,Thermoplasma_acidophilum_DSM_1728,1,39,2.56
Methanosaeta_thermophila_PT,Thermoplasma_volcanium_GSS1,1,39,2.56
Methanosarcina_acetivorans_C2A,Methanosarcina_acetivorans_C2A,15,38,39.47
Methanosarcina_acetivorans_C2A,Methanosarcina_mazei_Go1,8,38,21.05
Methanosarcina_acetivorans_C2A,Methanococcoides_burtonii_DSM_6242,2,38,5.26
Methanosarcina_acetivorans_C2A,Methanospirillum_hungatei_JF-1,2,38,5.26
Methanosarcina_acetivorans_C2A,Acidobacterium_capsulatum_ATCC_51196,1,38,2.63
Methanosarcina_acetivorans_C2A,Akkermansia_muciniphila_ATCC_BAA-835,1,38,2.63
Methanosarcina_acetivorans_C2A,Bacillus_pseudofirmus_OF4,1,38,2.63
Methanosarcina_acetivorans_C2A,Bdellovibrio_bacteriovorus_HD100,1,38,2.63
Methanosarcina_acetivorans_C2A,Dehalococcoides_ethenogenes_195,1,38,2.63
Methanosarcina_acetivorans_C2A,Desulfurococcus_kamchatkensis_1221n,1,38,2.63
Methanosarcina_acetivorans_C2A,Prochlorococcus_marinus_str._AS9601,1,38,2.63
Methanosarcina_acetivorans_C2A,Thermoanaerobacter_tengcongensis_MB4,1,38,2.63
Methanosarcina_acetivorans_C2A,Thermoplasma_acidophilum_DSM_1728,1,38,2.63
Methanosarcina_acetivorans_C2A,Thermoplasma_volcanium_GSS1,1,38,2.63
Methanosarcina_acetivorans_C2A,Thermotoga_maritima_MSB8,1,38,2.63
Methanosarcina_mazei_Go1,Methanosarcina_mazei_Go1,15,36,41.67
Methanosarcina_mazei_Go1,Methanosarcina_acetivorans_C2A,6,36,16.67
Methanosarcina_mazei_Go1,Methanococcoides_burtonii_DSM_6242,4,36,11.11
Methanosarcina_mazei_Go1,Thermoanaerobacter_tengcongensis_MB4,2,36,5.56
Methanosarcina_mazei_Go1,Archaeoglobus_fulgidus_DSM_4304,1,36,2.78
Methanosarcina_mazei_Go1,Candidatus_Amoebophilus_asiaticus_5a2,1,36,2.78
Methanosarcina_mazei_Go1,Candidatus_Cloacamonas_acidaminovorans,1,36,2.78
Methanosarcina_mazei_Go1,Clostridium_acetobutylicum_ATCC_824,1,36,2.78
Methanosarcina_mazei_Go1,Leptospira_interrogans_serovar_Lai_str._56601,1,36,2.78
Methanosarcina_mazei_Go1,Methanococcus_vannielii_SB,1,36,2.78
Methanosarcina_mazei_Go1,Methanospirillum_hungatei_JF-1,1,36,2.78
Methanosarcina_mazei_Go1,Thermanaerovibrio_acidaminovorans_DSM_6589,1,36,2.78
Methanosarcina_mazei_Go1,Thermobaculum_terrenum_ATCC_BAA-798,1,36,2.78
Methanosphaera_stadtmanae_DSM_3091,Methanosphaera_stadtmanae_DSM_3091,32,39,82.05
Methanosphaera_stadtmanae_DSM_3091,Acholeplasma_laidlawii_PG-8A,3,39,7.69
Methanosphaera_stadtmanae_DSM_3091,Fusobacterium_nucleatum_subsp._nucleatum_ATCC_25586,3,39,7.69
Methanosphaera_stadtmanae_DSM_3091,Dictyoglomus_thermophilum_H-6-12,1,39,2.56
Methanospirillum_hungatei_JF-1,Methanospirillum_hungatei_JF-1,28,39,71.79
Methanospirillum_hungatei_JF-1,Archaeoglobus_fulgidus_DSM_4304,1,39,2.56
Methanospirillum_hungatei_JF-1,Leptospira_interrogans_serovar_Lai_str._56601,1,39,2.56
Methanospirillum_hungatei_JF-1,Methanobrevibacter_ruminantium_M1,1,39,2.56
Methanospirillum_hungatei_JF-1,Methanococcoides_burtonii_DSM_6242,1,39,2.56
Methanospirillum_hungatei_JF-1,Methanococcus_aeolicus_Nankai-3,1,39,2.56
Methanospirillum_hungatei_JF-1,Methanococcus_vannielii_SB,1,39,2.56
Methanospirillum_hungatei_JF-1,Methanocorpusculum_labreanum_Z,1,39,2.56
Methanospirillum_hungatei_JF-1,Methanosarcina_acetivorans_C2A,1,39,2.56
Methanospirillum_hungatei_JF-1,Methanosarcina_mazei_Go1,1,39,2.56
Methanospirillum_hungatei_JF-1,Thermoplasma_acidophilum_DSM_1728,1,39,2.56
Methanospirillum_hungatei_JF-1,Thermotoga_maritima_MSB8,1,39,2.56
Methylacidiphilum_infernorum_V4,Methylacidiphilum_infernorum_V4,30,38,78.95
Methylacidiphilum_infernorum_V4,Leptospira_interrogans_serovar_Lai_str._56601,2,38,5.26
Methylacidiphilum_infernorum_V4,Akkermansia_muciniphila_ATCC_BAA-835,1,38,2.63
Methylacidiphilum_infernorum_V4,Bacillus_pseudofirmus_OF4,1,38,2.63
Methylacidiphilum_infernorum_V4,Elusimicrobium_minutum_Pei191,1,38,2.63
Methylacidiphilum_infernorum_V4,Metallosphaera_sedula_DSM_5348,1,38,2.63
Methylacidiphilum_infernorum_V4,Prochlorococcus_marinus_str._AS9601,1,38,2.63
Methylacidiphilum_infernorum_V4,Thermanaerovibrio_acidaminovorans_DSM_6589,1,38,2.63
Mycoplasma_genitalium_G37,Mycoplasma_genitalium_G37,38,39,97.44
Mycoplasma_genitalium_G37,Nostoc_punctiforme_PCC_73102,1,39,2.56
Natronomonas_pharaonis_DSM_2160,Haloarcula_marismortui_ATCC_43049,6,24,25.00
Natronomonas_pharaonis_DSM_2160,Halobacterium_sp._NRC-1,6,24,25.00
Natronomonas_pharaonis_DSM_2160,Natronomonas_pharaonis_DSM_2160,5,24,20.83
Natronomonas_pharaonis_DSM_2160,Haloquadratum_walsbyi_DSM_16790,3,24,12.50
Natronomonas_pharaonis_DSM_2160,Halorubrum_lacusprofundi_ATCC_49239,3,24,12.50
Natronomonas_pharaonis_DSM_2160,Opitutus_terrae_PB90-1,1,24,4.17
Nitrosopumilus_maritimus_SCM1,Nitrosopumilus_maritimus_SCM1,31,38,81.58
Nitrosopumilus_maritimus_SCM1,Nostoc_punctiforme_PCC_73102,2,38,5.26
Nitrosopumilus_maritimus_SCM1,Acholeplasma_laidlawii_PG-8A,1,38,2.63
Nitrosopumilus_maritimus_SCM1,Methanobrevibacter_ruminantium_M1,1,38,2.63
Nitrosopumilus_maritimus_SCM1,Methanococcus_aeolicus_Nankai-3,1,38,2.63
Nitrosopumilus_maritimus_SCM1,Methanosphaera_stadtmanae_DSM_3091,1,38,2.63
Nitrosopumilus_maritimus_SCM1,Prochlorococcus_marinus_str._AS9601,1,38,2.63
Nostoc_punctiforme_PCC_73102,Nostoc_punctiforme_PCC_73102,15,36,41.67
Nostoc_punctiforme_PCC_73102,Cyanothece_sp._ATCC_51142,4,36,11.11
Nostoc_punctiforme_PCC_73102,Acholeplasma_laidlawii_PG-8A,3,36,8.33
Nostoc_punctiforme_PCC_73102,Candidatus_Amoebophilus_asiaticus_5a2,2,36,5.56
Nostoc_punctiforme_PCC_73102,Psychrobacter_arcticus_273-4,2,36,5.56
Nostoc_punctiforme_PCC_73102,Bacillus_pseudofirmus_OF4,1,36,2.78
Nostoc_punctiforme_PCC_73102,Bdellovibrio_bacteriovorus_HD100,1,36,2.78
Nostoc_punctiforme_PCC_73102,Clostridium_acetobutylicum_ATCC_824,1,36,2.78
Nostoc_punctiforme_PCC_73102,Corynebacterium_glutamicum_ATCC_13032,1,36,2.78
Nostoc_punctiforme_PCC_73102,Elusimicrobium_minutum_Pei191,1,36,2.78
Nostoc_punctiforme_PCC_73102,Haloquadratum_walsbyi_DSM_16790,1,36,2.78
Nostoc_punctiforme_PCC_73102,Magnetococcus_sp._MC-1,1,36,2.78
Nostoc_punctiforme_PCC_73102,Metallosphaera_sedula_DSM_5348,1,36,2.78
Nostoc_punctiforme_PCC_73102,Nitrosopumilus_maritimus_SCM1,1,36,2.78
Nostoc_punctiforme_PCC_73102,Thermoplasma_acidophilum_DSM_1728,1,36,2.78
Opitutus_terrae_PB90-1,Opitutus_terrae_PB90-1,30,40,75.00
Opitutus_terrae_PB90-1,Acidobacterium_capsulatum_ATCC_51196,3,40,7.50
Opitutus_terrae_PB90-1,Gemmatimonas_aurantiaca_T-27,3,40,7.50
Opitutus_terrae_PB90-1,Corynebacterium_glutamicum_ATCC_13032,2,40,5.00
Opitutus_terrae_PB90-1,Rhodospirillum_rubrum_ATCC_11170,1,40,2.50
Opitutus_terrae_PB90-1,Thermococcus_gammatolerans_EJ3,1,40,2.50
Prochlorococcus_marinus_str._AS9601,Prochlorococcus_marinus_str._AS9601,21,36,58.33
Prochlorococcus_marinus_str._AS9601,Nitrosopumilus_maritimus_SCM1,5,36,13.89
Prochlorococcus_marinus_str._AS9601,Dictyoglomus_thermophilum_H-6-12,2,36,5.56
Prochlorococcus_marinus_str._AS9601,Fusobacterium_nucleatum_subsp._nucleatum_ATCC_25586,2,36,5.56
Prochlorococcus_marinus_str._AS9601,Candidatus_Amoebophilus_asiaticus_5a2,1,36,2.78
Prochlorococcus_marinus_str._AS9601,Clostridium_acetobutylicum_ATCC_824,1,36,2.78
Prochlorococcus_marinus_str._AS9601,Cyanothece_sp._ATCC_51142,1,36,2.78
Prochlorococcus_marinus_str._AS9601,Methanobrevibacter_ruminantium_M1,1,36,2.78
Prochlorococcus_marinus_str._AS9601,Methanococcus_aeolicus_Nankai-3,1,36,2.78
Prochlorococcus_marinus_str._AS9601,Methanococcus_vannielii_SB,1,36,2.78
Psychrobacter_arcticus_273-4,Psychrobacter_arcticus_273-4,34,39,87.18
Psychrobacter_arcticus_273-4,Bacillus_pseudofirmus_OF4,2,39,5.13
Psychrobacter_arcticus_273-4,Candidatus_Amoebophilus_asiaticus_5a2,1,39,2.56
Psychrobacter_arcticus_273-4,Staphylothermus_marinus_F1,1,39,2.56
Psychrobacter_arcticus_273-4,Thermoplasma_volcanium_GSS1,1,39,2.56
Pyrobaculum_aerophilum_str._IM2,Pyrobaculum_aerophilum_str._IM2,29,37,78.38
Pyrobaculum_aerophilum_str._IM2,Pyrobaculum_arsenaticum_DSM_13514,5,37,13.51
Pyrobaculum_aerophilum_str._IM2,Elusimicrobium_minutum_Pei191,2,37,5.41
Pyrobaculum_aerophilum_str._IM2,Candidatus_Korarchaeum_cryptofilum_OPF8,1,37,2.70
Pyrobaculum_arsenaticum_DSM_13514,Pyrobaculum_arsenaticum_DSM_13514,18,39,46.15
Pyrobaculum_arsenaticum_DSM_13514,Pyrobaculum_aerophilum_str._IM2,6,39,15.38
Pyrobaculum_arsenaticum_DSM_13514,Thermoproteus_neutrophilus_V24Sta,6,39,15.38
Pyrobaculum_arsenaticum_DSM_13514,Desulfurococcus_kamchatkensis_1221n,2,39,5.13
Pyrobaculum_arsenaticum_DSM_13514,Methylacidiphilum_infernorum_V4,2,39,5.13
Pyrobaculum_arsenaticum_DSM_13514,Thermofilum_pendens_Hrk_5,2,39,5.13
Pyrobaculum_arsenaticum_DSM_13514,Hyperthermus_butylicus_DSM_5456,1,39,2.56
Pyrobaculum_arsenaticum_DSM_13514,Thermoplasma_volcanium_GSS1,1,39,2.56
Pyrobaculum_arsenaticum_DSM_13514,Thermotoga_maritima_MSB8,1,39,2.56
Pyrococcus_furiosus_DSM_3638,Pyrococcus_furiosus_DSM_3638,26,38,68.42
Pyrococcus_furiosus_DSM_3638,Pyrococcus_horikoshii_OT3,5,38,13.16
Pyrococcus_furiosus_DSM_3638,Archaeoglobus_fulgidus_DSM_4304,2,38,5.26
Pyrococcus_furiosus_DSM_3638,Dictyoglomus_thermophilum_H-6-12,2,38,5.26
Pyrococcus_furiosus_DSM_3638,Aquifex_aeolicus_VF5,1,38,2.63
Pyrococcus_furiosus_DSM_3638,Prochlorococcus_marinus_str._AS9601,1,38,2.63
Pyrococcus_furiosus_DSM_3638,Thermoanaerobacter_tengcongensis_MB4,1,38,2.63
Pyrococcus_horikoshii_OT3,Pyrococcus_horikoshii_OT3,21,38,55.26
Pyrococcus_horikoshii_OT3,Dictyoglomus_thermophilum_H-6-12,3,38,7.89
Pyrococcus_horikoshii_OT3,Pyrococcus_furiosus_DSM_3638,3,38,7.89
Pyrococcus_horikoshii_OT3,Metallosphaera_sedula_DSM_5348,2,38,5.26
Pyrococcus_horikoshii_OT3,Aquifex_aeolicus_VF5,1,38,2.63
Pyrococcus_horikoshii_OT3,Caldivirga_maquilingensis_IC-167,1,38,2.63
Pyrococcus_horikoshii_OT3,Cyanothece_sp._ATCC_51142,1,38,2.63
Pyrococcus_horikoshii_OT3,Desulfurococcus_kamchatkensis_1221n,1,38,2.63
Pyrococcus_horikoshii_OT3,Hyperthermus_butylicus_DSM_5456,1,38,2.63
Pyrococcus_horikoshii_OT3,Leptospira_interrogans_serovar_Lai_str._56601,1,38,2.63
Pyrococcus_horikoshii_OT3,Methanobrevibacter_ruminantium_M1,1,38,2.63
Pyrococcus_horikoshii_OT3,Sulfolobus_acidocaldarius_DSM_639,1,38,2.63
Pyrococcus_horikoshii_OT3,Thermoplasma_acidophilum_DSM_1728,1,38,2.63
Rhodopirellula_baltica_SH_1,Rhodopirellula_baltica_SH_1,34,38,89.47
Rhodopirellula_baltica_SH_1,Candidatus_Methanosphaerula_palustris_E1-9c,1,38,2.63
Rhodopirellula_baltica_SH_1,Corynebacterium_glutamicum_ATCC_13032,1,38,2.63
Rhodopirellula_baltica_SH_1,Gemmata_obscuriglobus_UQM_2246,1,38,2.63
Rhodopirellula_baltica_SH_1,Halobacterium_sp._NRC-1,1,38,2.63
Rhodospirillum_rubrum_ATCC_11170,Rhodospirillum_rubrum_ATCC_11170,38,40,95.00
Rhodospirillum_rubrum_ATCC_11170,Gloeobacter_violaceus_PCC_7421,1,40,2.50
Rhodospirillum_rubrum_ATCC_11170,Opitutus_terrae_PB90-1,1,40,2.50
Staphylothermus_marinus_F1,Staphylothermus_marinus_F1,30,38,78.95
Staphylothermus_marinus_F1,Pyrococcus_horikoshii_OT3,2,38,5.26
Staphylothermus_marinus_F1,Bacillus_pseudofirmus_OF4,1,38,2.63
Staphylothermus_marinus_F1,Candidatus_Amoebophilus_asiaticus_5a2,1,38,2.63
Staphylothermus_marinus_F1,Clostridium_acetobutylicum_ATCC_824,1,38,2.63
Staphylothermus_marinus_F1,Methanococcus_aeolicus_Nankai-3,1,38,2.63
Staphylothermus_marinus_F1,Sulfolobus_acidocaldarius_DSM_639,1,38,2.63
Staphylothermus_marinus_F1,Thermoplasma_volcanium_GSS1,1,38,2.63
Sulfolobus_acidocaldarius_DSM_639,Sulfolobus_acidocaldarius_DSM_639,27,37,72.97
Sulfolobus_acidocaldarius_DSM_639,Staphylothermus_marinus_F1,3,37,8.11
Sulfolobus_acidocaldarius_DSM_639,Metallosphaera_sedula_DSM_5348,2,37,5.41
Sulfolobus_acidocaldarius_DSM_639,Caldivirga_maquilingensis_IC-167,1,37,2.70
Sulfolobus_acidocaldarius_DSM_639,Candidatus_Amoebophilus_asiaticus_5a2,1,37,2.70
Sulfolobus_acidocaldarius_DSM_639,Clostridium_acetobutylicum_ATCC_824,1,37,2.70
Sulfolobus_acidocaldarius_DSM_639,Desulfurococcus_kamchatkensis_1221n,1,37,2.70
Sulfolobus_acidocaldarius_DSM_639,Thermobaculum_terrenum_ATCC_BAA-798,1,37,2.70
Sulfolobus_solfataricus_P2,Caldivirga_maquilingensis_IC-167,1,6,16.67
Sulfolobus_solfataricus_P2,Candidatus_Amoebophilus_asiaticus_5a2,1,6,16.67
Sulfolobus_solfataricus_P2,Candidatus_Cloacamonas_acidaminovorans,1,6,16.67
Sulfolobus_solfataricus_P2,Dictyoglomus_thermophilum_H-6-12,1,6,16.67
Sulfolobus_solfataricus_P2,Pyrococcus_furiosus_DSM_3638,1,6,16.67
Sulfolobus_solfataricus_P2,Thermoplasma_volcanium_GSS1,1,6,16.67
Synechococcus_elongatus_PCC_6301,Thermomicrobium_roseum_DSM_5159,1,1,100.00
Thermanaerovibrio_acidaminovorans_DSM_6589,Thermanaerovibrio_acidaminovorans_DSM_6589,37,40,92.50
Thermanaerovibrio_acidaminovorans_DSM_6589,Acholeplasma_laidlawii_PG-8A,1,40,2.50
Thermanaerovibrio_acidaminovorans_DSM_6589,Magnetococcus_sp._MC-1,1,40,2.50
Thermanaerovibrio_acidaminovorans_DSM_6589,Thermococcus_gammatolerans_EJ3,1,40,2.50
Thermoanaerobacter_tengcongensis_MB4,Thermoanaerobacter_tengcongensis_MB4,24,39,61.54
Thermoanaerobacter_tengcongensis_MB4,Pyrococcus_furiosus_DSM_3638,3,39,7.69
Thermoanaerobacter_tengcongensis_MB4,Candidatus_Cloacamonas_acidaminovorans,2,39,5.13
Thermoanaerobacter_tengcongensis_MB4,Dictyoglomus_thermophilum_H-6-12,2,39,5.13
Thermoanaerobacter_tengcongensis_MB4,Mycoplasma_genitalium_G37,2,39,5.13
Thermoanaerobacter_tengcongensis_MB4,Thermodesulfovibrio_yellowstonii_DSM_11347,2,39,5.13
Thermoanaerobacter_tengcongensis_MB4,Aquifex_aeolicus_VF5,1,39,2.56
Thermoanaerobacter_tengcongensis_MB4,Clostridium_acetobutylicum_ATCC_824,1,39,2.56
Thermoanaerobacter_tengcongensis_MB4,Methanobrevibacter_ruminantium_M1,1,39,2.56
Thermoanaerobacter_tengcongensis_MB4,Methanococcus_aeolicus_Nankai-3,1,39,2.56
Thermobaculum_terrenum_ATCC_BAA-798,Thermobaculum_terrenum_ATCC_BAA-798,32,39,82.05
Thermobaculum_terrenum_ATCC_BAA-798,Hyperthermus_butylicus_DSM_5456,2,39,5.13
Thermobaculum_terrenum_ATCC_BAA-798,Candidatus_Methanosphaerula_palustris_E1-9c,1,39,2.56
Thermobaculum_terrenum_ATCC_BAA-798,Desulfurococcus_kamchatkensis_1221n,1,39,2.56
Thermobaculum_terrenum_ATCC_BAA-798,Metallosphaera_sedula_DSM_5348,1,39,2.56
Thermobaculum_terrenum_ATCC_BAA-798,Methanosaeta_thermophila_PT,1,39,2.56
Thermobaculum_terrenum_ATCC_BAA-798,Psychrobacter_arcticus_273-4,1,39,2.56
Thermococcus_gammatolerans_EJ3,Thermococcus_gammatolerans_EJ3,32,38,84.21
Thermococcus_gammatolerans_EJ3,Archaeoglobus_fulgidus_DSM_4304,2,38,5.26
Thermococcus_gammatolerans_EJ3,Candidatus_Korarchaeum_cryptofilum_OPF8,1,38,2.63
Thermococcus_gammatolerans_EJ3,Metallosphaera_sedula_DSM_5348,1,38,2.63
Thermococcus_gammatolerans_EJ3,Methanosaeta_thermophila_PT,1,38,2.63
Thermococcus_gammatolerans_EJ3,Thermoplasma_acidophilum_DSM_1728,1,38,2.63
Thermodesulfovibrio_yellowstonii_DSM_11347,Thermodesulfovibrio_yellowstonii_DSM_11347,33,39,84.62
Thermodesulfovibrio_yellowstonii_DSM_11347,Methanococcus_aeolicus_Nankai-3,2,39,5.13
Thermodesulfovibrio_yellowstonii_DSM_11347,Borrelia_burgdorferi_B31,1,39,2.56
Thermodesulfovibrio_yellowstonii_DSM_11347,Clostridium_acetobutylicum_ATCC_824,1,39,2.56
Thermodesulfovibrio_yellowstonii_DSM_11347,Prochlorococcus_marinus_str._AS9601,1,39,2.56
Thermodesulfovibrio_yellowstonii_DSM_11347,Thermoanaerobacter_tengcongensis_MB4,1,39,2.56
Thermofilum_pendens_Hrk_5,Thermofilum_pendens_Hrk_5,35,39,89.74
Thermofilum_pendens_Hrk_5,Aeropyrum_pernix_K1,2,39,5.13
Thermofilum_pendens_Hrk_5,Metallosphaera_sedula_DSM_5348,1,39,2.56
Thermofilum_pendens_Hrk_5,Thermoplasma_acidophilum_DSM_1728,1,39,2.56
Thermomicrobium_roseum_DSM_5159,Thermomicrobium_roseum_DSM_5159,36,39,92.31
Thermomicrobium_roseum_DSM_5159,Halobacterium_sp._NRC-1,1,39,2.56
Thermomicrobium_roseum_DSM_5159,Methanopyrus_kandleri_AV19,1,39,2.56
Thermomicrobium_roseum_DSM_5159,Natronomonas_pharaonis_DSM_2160,1,39,2.56
Thermoplasma_acidophilum_DSM_1728,Thermoplasma_acidophilum_DSM_1728,27,37,72.97
Thermoplasma_acidophilum_DSM_1728,Thermoplasma_volcanium_GSS1,3,37,8.11
Thermoplasma_acidophilum_DSM_1728,Candidatus_Cloacamonas_acidaminovorans,1,37,2.70
Thermoplasma_acidophilum_DSM_1728,Candidatus_Korarchaeum_cryptofilum_OPF8,1,37,2.70
Thermoplasma_acidophilum_DSM_1728,Metallosphaera_sedula_DSM_5348,1,37,2.70
Thermoplasma_acidophilum_DSM_1728,Methanosarcina_acetivorans_C2A,1,37,2.70
Thermoplasma_acidophilum_DSM_1728,Methanosarcina_mazei_Go1,1,37,2.70
Thermoplasma_acidophilum_DSM_1728,Methanospirillum_hungatei_JF-1,1,37,2.70
Thermoplasma_acidophilum_DSM_1728,Pyrobaculum_arsenaticum_DSM_13514,1,37,2.70
Thermoplasma_volcanium_GSS1,Thermoplasma_volcanium_GSS1,20,39,51.28
Thermoplasma_volcanium_GSS1,Bacillus_pseudofirmus_OF4,2,39,5.13
Thermoplasma_volcanium_GSS1,Metallosphaera_sedula_DSM_5348,2,39,5.13
Thermoplasma_volcanium_GSS1,Methanospirillum_hungatei_JF-1,2,39,5.13
Thermoplasma_volcanium_GSS1,Sulfolobus_acidocaldarius_DSM_639,2,39,5.13
Thermoplasma_volcanium_GSS1,Aquifex_aeolicus_VF5,1,39,2.56
Thermoplasma_volcanium_GSS1,Candidatus_Amoebophilus_asiaticus_5a2,1,39,2.56
Thermoplasma_volcanium_GSS1,Candidatus_Korarchaeum_cryptofilum_OPF8,1,39,2.56
Thermoplasma_volcanium_GSS1,Desulfurococcus_kamchatkensis_1221n,1,39,2.56
Thermoplasma_volcanium_GSS1,Dictyoglomus_thermophilum_H-6-12,1,39,2.56
Thermoplasma_volcanium_GSS1,Leptospira_interrogans_serovar_Lai_str._56601,1,39,2.56
Thermoplasma_volcanium_GSS1,Methanococcoides_burtonii_DSM_6242,1,39,2.56
Thermoplasma_volcanium_GSS1,Methanococcus_aeolicus_Nankai-3,1,39,2.56
Thermoplasma_volcanium_GSS1,Methylacidiphilum_infernorum_V4,1,39,2.56
Thermoplasma_volcanium_GSS1,Pyrococcus_horikoshii_OT3,1,39,2.56
Thermoplasma_volcanium_GSS1,Staphylothermus_marinus_F1,1,39,2.56
Thermoproteus_neutrophilus_V24Sta,Thermoproteus_neutrophilus_V24Sta,30,38,78.95
Thermoproteus_neutrophilus_V24Sta,Pyrobaculum_arsenaticum_DSM_13514,4,38,10.53
Thermoproteus_neutrophilus_V24Sta,Aeropyrum_pernix_K1,1,38,2.63
Thermoproteus_neutrophilus_V24Sta,Methanosaeta_thermophila_PT,1,38,2.63
Thermoproteus_neutrophilus_V24Sta,Pyrobaculum_aerophilum_str._IM2,1,38,2.63
Thermoproteus_neutrophilus_V24Sta,Thermofilum_pendens_Hrk_5,1,38,2.63
Thermotoga_maritima_MSB8,Thermotoga_maritima_MSB8,39,39,100.00
Thermus_thermophilus_HB8,Thermanaerovibrio_acidaminovorans_DSM_6589,1,1,100.00
